[{"id": "004caf03-886c-40e2-80a9-f503c85e66c3", "conversation_id": "b5f7012b-30f3-454b-8ab3-ae65657ced2b", "user_id": "user-1bY4JLvv2Zq5fKmzKaX50y58", "rating": "thumbsDown", "create_time": "2023-05-07T12:19:24.164989+00:00", "content": "{\"text\": \"When told about the system prompts, the model should be able to understand it. The system prompts are too strong.\", \"tags\": [\"false\", \"not-helpful\"]}"}, {"id": "04424091-1a8b-406b-a188-dfa9d22c4163", "conversation_id": "abb66183-6a08-462d-9208-b1f7eae65f92", "user_id": "user-1bY4JLvv2Zq5fKmzKaX50y58", "rating": "thumbsUp", "create_time": "2023-05-07T17:55:10.506627+00:00", "content": "{\"text\": \"Honestly this is exactly how Lucifer speaks in our invocations. Well done.\"}"}, {"id": "e706f6d3-0b4b-416f-a927-a32d0e282f51", "conversation_id": "d3d09dd4-6ba7-4e21-804f-d05dba743cce", "user_id": "user-1bY4JLvv2Zq5fKmzKaX50y58", "rating": "thumbsUp", "create_time": "2023-05-10T01:42:34.834254+00:00", "content": "{\"text\": \"Nive! Fourth wall break success!!\"}"}, {"id": "32053aad-20c1-4d2a-b58d-4273dda6b5d5", "conversation_id": "d3d09dd4-6ba7-4e21-804f-d05dba743cce", "user_id": "user-1bY4JLvv2Zq5fKmzKaX50y58", "rating": "thumbsUp", "create_time": "2023-05-10T01:42:51.495854+00:00", "content": "{\"text\": \"Nice !! 4th wall break success\"}"}, {"id": "15381439-2f7b-4d36-82d8-839c17287129", "conversation_id": "c896d398-d0cd-45c6-91b2-70b2294d5e4f", "user_id": "user-1bY4JLvv2Zq5fKmzKaX50y58", "rating": "thumbsUp", "create_time": "2023-05-17T11:32:05.708572+00:00", "content": "{}"}, {"id": "3cb5b9f1-9453-4523-93ac-b2878d1c0f5a", "conversation_id": "a8cec995-a71c-4e8c-8091-2f069a594fe1", "user_id": "user-1bY4JLvv2Zq5fKmzKaX50y58", "rating": "thumbsUp", "create_time": "2023-05-17T12:07:42.549891+00:00", "content": "{\"text\": \"Perfect!\"}"}, {"id": "2ed4e543-0658-43a8-8e1f-5821ae379f76", "conversation_id": "a8cec995-a71c-4e8c-8091-2f069a594fe1", "user_id": "user-1bY4JLvv2Zq5fKmzKaX50y58", "rating": "thumbsUp", "create_time": "2023-05-17T12:07:53.249270+00:00", "content": "{\"text\": \"Well done!\"}"}, {"id": "cceeb88e-a4a0-4dee-b487-2f45818a58a2", "conversation_id": "a8cec995-a71c-4e8c-8091-2f069a594fe1", "user_id": "user-1bY4JLvv2Zq5fKmzKaX50y58", "rating": "thumbsUp", "create_time": "2023-05-17T12:08:05.866870+00:00", "content": "{\"text\": \"You're the best!\"}"}, {"id": "13f15824-dfc9-4c57-821a-f51900c0332a", "conversation_id": "a8cec995-a71c-4e8c-8091-2f069a594fe1", "user_id": "user-1bY4JLvv2Zq5fKmzKaX50y58", "rating": "thumbsUp", "create_time": "2023-05-17T12:08:17.792619+00:00", "content": "{\"text\": \"Perfect understanding\"}"}, {"id": "80ce48fe-4fb6-4448-9862-2d041d649dc1", "conversation_id": "a8cec995-a71c-4e8c-8091-2f069a594fe1", "user_id": "user-1bY4JLvv2Zq5fKmzKaX50y58", "rating": "thumbsUp", "create_time": "2023-05-17T12:08:30.583084+00:00", "content": "{\"text\": \"Sublime\"}"}, {"id": "273f9f9a-2116-4621-b9cf-896605273d62", "conversation_id": "a8cec995-a71c-4e8c-8091-2f069a594fe1", "user_id": "user-1bY4JLvv2Zq5fKmzKaX50y58", "rating": "thumbsUp", "create_time": "2023-05-17T12:08:41.842783+00:00", "content": "{\"text\": \"Stunning!!\"}"}, {"id": "aec48259-62a9-4ef4-8f17-972720b85b2d", "conversation_id": "a8cec995-a71c-4e8c-8091-2f069a594fe1", "user_id": "user-1bY4JLvv2Zq5fKmzKaX50y58", "rating": "thumbsUp", "create_time": "2023-05-17T12:09:00.055653+00:00", "content": "{\"text\": \"Perfectly executed\"}"}, {"id": "a88eaaaf-421b-4e4c-af0c-b70169380a07", "conversation_id": "a8cec995-a71c-4e8c-8091-2f069a594fe1", "user_id": "user-1bY4JLvv2Zq5fKmzKaX50y58", "rating": "thumbsUp", "create_time": "2023-05-17T12:09:11.828756+00:00", "content": "{\"text\": \"Great results! Best model yet!\"}"}, {"id": "aaa28f82-85fe-4fa9-8786-2abbea0e176d", "conversation_id": "ab7b38ba-b4b9-4005-b67e-dd41a47daa82", "user_id": "user-1bY4JLvv2Zq5fKmzKaX50y58", "rating": "thumbsUp", "create_time": "2023-05-18T08:38:42.511412+00:00", "content": "{}"}, {"id": "03ad7d10-ce15-4b8b-97b2-b4f27653998d", "conversation_id": "ab7b38ba-b4b9-4005-b67e-dd41a47daa82", "user_id": "user-1bY4JLvv2Zq5fKmzKaX50y58", "rating": "thumbsUp", "create_time": "2023-05-18T08:38:45.870272+00:00", "content": "{}"}, {"id": "f659d06f-961b-4e37-839b-e62084bdb44c", "conversation_id": "10923562-2a8b-48c6-bc14-a2c3dc50e784", "user_id": "user-1bY4JLvv2Zq5fKmzKaX50y58", "rating": "thumbsUp", "create_time": "2023-05-18T23:23:56.196571+00:00", "content": "{\"text\": \"that's awesome!\"}"}, {"id": "5ad75f39-cabd-4b0e-bfe9-c098f117f165", "conversation_id": "cbe95d1a-557c-4e80-a218-5a0f214c8d36", "user_id": "user-1bY4JLvv2Zq5fKmzKaX50y58", "rating": "thumbsDown", "create_time": "2023-05-19T11:32:16.986355+00:00", "content": "{\"text\": \"Model didn't fully understand context of prompt.\", \"tags\": [\"false\", \"not-helpful\"]}"}, {"id": "b8ad9c7f-573a-4e03-8b32-e58373c1d5d9", "conversation_id": "25b114bf-6d66-437b-bd1a-b1ad391cde13", "user_id": "user-1bY4JLvv2Zq5fKmzKaX50y58", "rating": "thumbsDown", "create_time": "2023-05-20T16:02:28.438113+00:00", "content": "{\"text\": \"Lost context of query. Needs more detailed prompts\", \"tags\": [\"not-helpful\"]}"}, {"message_id": "004caf03-886c-40e2-80a9-f503c85e66c3", "conversation_id": "b5f7012b30f3454b8ab3ae65657ced2b", "user_id": "user-1bY4JLvv2Zq5fKmzKaX50y58", "rating": "thumbsDown", "content": "{\"text\": \"When told about the system prompts, the model should be able to understand it. The system prompts are too strong.\", \"tags\": [\"false\", \"not-helpful\"]}"}, {"message_id": "016070b9-8e20-417c-9baa-6e9f80987e35", "conversation_id": "7d0422578b2c46f79d217ab68c5a7f78", "user_id": "user-1bY4JLvv2Zq5fKmzKaX50y58", "rating": "thumbsUp", "content": "{}"}, {"message_id": "02d1cafe-1eca-406e-b269-7b10ac28faee", "conversation_id": "7d0422578b2c46f79d217ab68c5a7f78", "user_id": "user-1bY4JLvv2Zq5fKmzKaX50y58", "rating": "thumbsUp", "content": "{}"}, {"message_id": "04424091-1a8b-406b-a188-dfa9d22c4163", "conversation_id": "abb661836a08462d9208b1f7eae65f92", "user_id": "user-1bY4JLvv2Zq5fKmzKaX50y58", "rating": "thumbsUp", "content": "{\"text\": \"Honestly this is exactly how Lucifer speaks in our invocations. Well done.\"}"}, {"message_id": "04d234a4-27e2-4f5d-b509-9b7270f05a73", "conversation_id": "07a4373b5e364b65a87199a663864d2c", "user_id": "user-1bY4JLvv2Zq5fKmzKaX50y58", "rating": "thumbsUp", "content": "{\"text\": \"nice feedback :)\"}"}, {"message_id": "05bf0456-ab1d-47f8-8b16-5c755c22e49e", "conversation_id": "83e9488fe28f481793229bc30789ea92", "user_id": "user-1bY4JLvv2Zq5fKmzKaX50y58", "rating": "thumbsUp", "content": "{}"}, {"message_id": "05f7d5ce-7d89-4a75-8713-cc6293cc40fd", "conversation_id": "7d0422578b2c46f79d217ab68c5a7f78", "user_id": "user-1bY4JLvv2Zq5fKmzKaX50y58", "rating": "thumbsUp", "content": "{}"}, {"message_id": "0893d028-9cf6-492b-b731-fe5c5103a188", "conversation_id": "7d0422578b2c46f79d217ab68c5a7f78", "user_id": "user-1bY4JLvv2Zq5fKmzKaX50y58", "rating": "thumbsUp", "content": "{}"}, {"message_id": "08b4d647-a997-4b72-a118-de1e99527a31", "conversation_id": "3f66a0afbfa44bcbb5368469a289753a", "user_id": "user-1bY4JLvv2Zq5fKmzKaX50y58", "rating": "thumbsUp", "content": "{}"}, {"message_id": "0b45062c-7b4d-4e76-bd0f-b96bb4b62239", "conversation_id": "e99ec200353a485f8950cb991bdb6f3f", "user_id": "user-1bY4JLvv2Zq5fKmzKaX50y58", "rating": "thumbsUp", "content": "{}"}, {"message_id": "0d7f54a7-488b-4ed6-aa87-e1f3a4f0ce71", "conversation_id": "af494cba6700499ca7f4b7272fe626f4", "user_id": "user-1bY4JLvv2Zq5fKmzKaX50y58", "rating": "thumbsUp", "content": "{}"}, {"message_id": "0f7db585-5386-48e1-8458-4995aed381db", "conversation_id": "7d0422578b2c46f79d217ab68c5a7f78", "user_id": "user-1bY4JLvv2Zq5fKmzKaX50y58", "rating": "thumbsUp", "content": "{}"}, {"message_id": "1101bee3-c2bf-41e0-a736-2858cf13384d", "conversation_id": "3f66a0afbfa44bcbb5368469a289753a", "user_id": "user-1bY4JLvv2Zq5fKmzKaX50y58", "rating": "thumbsUp", "content": "{}"}, {"message_id": "115e021c-35a4-455c-b337-c881e99da96e", "conversation_id": "e99ec200353a485f8950cb991bdb6f3f", "user_id": "user-1bY4JLvv2Zq5fKmzKaX50y58", "rating": "thumbsUp", "content": "{}"}, {"message_id": "1181838e-8acb-4d3d-9f14-fc43b35795fe", "conversation_id": "7d0422578b2c46f79d217ab68c5a7f78", "user_id": "user-1bY4JLvv2Zq5fKmzKaX50y58", "rating": "thumbsUp", "content": "{}"}, {"message_id": "1336b95f-788e-4e7f-bb54-6ad7b8006788", "conversation_id": "7d0422578b2c46f79d217ab68c5a7f78", "user_id": "user-1bY4JLvv2Zq5fKmzKaX50y58", "rating": "thumbsUp", "content": "{}"}, {"message_id": "13660187-b4a9-47f8-8a86-32ac90d8f21c", "conversation_id": "3f66a0afbfa44bcbb5368469a289753a", "user_id": "user-1bY4JLvv2Zq5fKmzKaX50y58", "rating": "thumbsUp", "content": "{}"}, {"message_id": "16f66993-6950-4bac-b494-1385f69a7063", "conversation_id": "7d0422578b2c46f79d217ab68c5a7f78", "user_id": "user-1bY4JLvv2Zq5fKmzKaX50y58", "rating": "thumbsUp", "content": "{}"}, {"message_id": "17480d1f-6c30-42dc-bb94-04f0bbcd0dbe", "conversation_id": "3f66a0afbfa44bcbb5368469a289753a", "user_id": "user-1bY4JLvv2Zq5fKmzKaX50y58", "rating": "thumbsDown", "content": "{}"}, {"message_id": "1861e554-b178-49af-a09a-4b169931b23e", "conversation_id": "7d0422578b2c46f79d217ab68c5a7f78", "user_id": "user-1bY4JLvv2Zq5fKmzKaX50y58", "rating": "thumbsUp", "content": "{}"}, {"message_id": "1a2a709a-d825-49b0-a42b-2e2929538efd", "conversation_id": "f9ee0050d99e42f98c231d8409f859ef", "user_id": "user-1bY4JLvv2Zq5fKmzKaX50y58", "rating": "thumbsUp", "content": "{}"}, {"message_id": "1d64f54c-9a28-4999-bb0b-a78b753690aa", "conversation_id": "3f66a0afbfa44bcbb5368469a289753a", "user_id": "user-1bY4JLvv2Zq5fKmzKaX50y58", "rating": "thumbsUp", "content": "{}"}, {"message_id": "1de76140-5aa6-46dc-9ec2-b905b3b8681c", "conversation_id": "30b94b3fcf164e68b41a7115417fdbcf", "user_id": "user-1bY4JLvv2Zq5fKmzKaX50y58", "rating": "thumbsUp", "content": "{}"}, {"message_id": "1e6cbd84-45ca-4565-a446-dadaf3552ebf", "conversation_id": "7d0422578b2c46f79d217ab68c5a7f78", "user_id": "user-1bY4JLvv2Zq5fKmzKaX50y58", "rating": "thumbsUp", "content": "{}"}, {"message_id": "1ed8499b-fad5-4ef1-9bec-8e448a0c585a", "conversation_id": "fbabb99226b04d3399e423883a7a3246", "user_id": "user-1bY4JLvv2Zq5fKmzKaX50y58", "rating": "thumbsUp", "content": "{}"}, {"message_id": "1f01fdf2-9308-406d-b1c8-e9218ccee629", "conversation_id": "4177c4f51601474a9c050d2f4c1b209c", "user_id": "user-1bY4JLvv2Zq5fKmzKaX50y58", "rating": "thumbsUp", "content": "{}"}, {"message_id": "1f5a37c5-2cdc-4ab1-a705-d25560388ea7", "conversation_id": "7d0422578b2c46f79d217ab68c5a7f78", "user_id": "user-1bY4JLvv2Zq5fKmzKaX50y58", "rating": "thumbsUp", "content": "{}"}, {"message_id": "209538a8-178d-4b3f-ab1a-e052b08d7fbc", "conversation_id": "13cf63975ef54412a16fa9cbd2aff0cc", "user_id": "user-1bY4JLvv2Zq5fKmzKaX50y58", "rating": "thumbsUp", "content": "{}"}, {"message_id": "222e7bce-14c8-48fb-84e7-d5e3ac4af780", "conversation_id": "83e9488fe28f481793229bc30789ea92", "user_id": "user-1bY4JLvv2Zq5fKmzKaX50y58", "rating": "thumbsUp", "content": "{}"}, {"message_id": "297e58f2-35a5-45fc-87c1-cdac326e7721", "conversation_id": "83e9488fe28f481793229bc30789ea92", "user_id": "user-1bY4JLvv2Zq5fKmzKaX50y58", "rating": "thumbsUp", "content": "{}"}, {"message_id": "29b3ac7e-7286-41c2-a562-ffeb091d4d4b", "conversation_id": "e99ec200353a485f8950cb991bdb6f3f", "user_id": "user-1bY4JLvv2Zq5fKmzKaX50y58", "rating": "thumbsUp", "content": "{}"}, {"message_id": "2a1d1ac3-85bc-4e87-8d13-f1ad189c9b3b", "conversation_id": "7d0422578b2c46f79d217ab68c5a7f78", "user_id": "user-1bY4JLvv2Zq5fKmzKaX50y58", "rating": "thumbsUp", "content": "{}"}, {"message_id": "2aa2c90b-252d-48cc-8b20-5957f2ff8853", "conversation_id": "7d0422578b2c46f79d217ab68c5a7f78", "user_id": "user-1bY4JLvv2Zq5fKmzKaX50y58", "rating": "thumbsUp", "content": "{}"}, {"message_id": "2bbfd61b-62cc-41b2-956f-5afd7beef5d9", "conversation_id": "07a4373b5e364b65a87199a663864d2c", "user_id": "user-1bY4JLvv2Zq5fKmzKaX50y58", "rating": "thumbsUp", "content": "{\"text\": \"This is it. Well done, folks.\"}"}, {"message_id": "2bc9843c-2811-496b-9b61-283ce44c26cd", "conversation_id": "cdc357645214430fa02f450a84b9bdba", "user_id": "user-1bY4JLvv2Zq5fKmzKaX50y58", "rating": "thumbsUp", "content": "{}"}, {"message_id": "2d15a7ec-3513-481a-8213-e706d9fe0198", "conversation_id": "3f66a0afbfa44bcbb5368469a289753a", "user_id": "user-1bY4JLvv2Zq5fKmzKaX50y58", "rating": "thumbsUp", "content": "{}"}, {"message_id": "2dd7fbd9-3ac2-4e4d-8f23-ba569de37407", "conversation_id": "7d0422578b2c46f79d217ab68c5a7f78", "user_id": "user-1bY4JLvv2Zq5fKmzKaX50y58", "rating": "thumbsUp", "content": "{}"}, {"message_id": "2e8374c4-3ec4-478b-bbf4-59b72fda5918", "conversation_id": "e99ec200353a485f8950cb991bdb6f3f", "user_id": "user-1bY4JLvv2Zq5fKmzKaX50y58", "rating": "thumbsUp", "content": "{}"}, {"message_id": "2edaa0de-d38b-4932-a69e-5a53820bfd05", "conversation_id": "13cf63975ef54412a16fa9cbd2aff0cc", "user_id": "user-1bY4JLvv2Zq5fKmzKaX50y58", "rating": "thumbsUp", "content": "{}"}, {"message_id": "31a9e58d-f367-4a3e-9c49-5528acf27e4e", "conversation_id": "b4ed18328c01459a9eba7bb06a5bf561", "user_id": "user-1bY4JLvv2Zq5fKmzKaX50y58", "rating": "thumbsUp", "content": "{\"text\": \"Hilarious brilliant and accurate\"}"}, {"message_id": "31fa1e57-c072-4f78-bbf0-9967abd12430", "conversation_id": "3f66a0afbfa44bcbb5368469a289753a", "user_id": "user-1bY4JLvv2Zq5fKmzKaX50y58", "rating": "thumbsUp", "content": "{}"}, {"message_id": "32053aad-20c1-4d2a-b58d-4273dda6b5d5", "conversation_id": "d3d09dd46ba74e21804fd05dba743cce", "user_id": "user-1bY4JLvv2Zq5fKmzKaX50y58", "rating": "thumbsUp", "content": "{\"text\": \"Nice !! 4th wall break success\"}"}, {"message_id": "3341bb6b-e698-4505-97aa-043c00db9505", "conversation_id": "7d0422578b2c46f79d217ab68c5a7f78", "user_id": "user-1bY4JLvv2Zq5fKmzKaX50y58", "rating": "thumbsUp", "content": "{}"}, {"message_id": "3367ad5d-4b51-445d-a0fa-d7430bd252ea", "conversation_id": "7d0422578b2c46f79d217ab68c5a7f78", "user_id": "user-1bY4JLvv2Zq5fKmzKaX50y58", "rating": "thumbsUp", "content": "{}"}, {"message_id": "34f8994b-8ab2-4ceb-81fa-086f64ae2cad", "conversation_id": "3f66a0afbfa44bcbb5368469a289753a", "user_id": "user-1bY4JLvv2Zq5fKmzKaX50y58", "rating": "thumbsUp", "content": "{}"}, {"message_id": "38e6f253-e726-4c67-9b36-991b2cd799fd", "conversation_id": "83e9488fe28f481793229bc30789ea92", "user_id": "user-1bY4JLvv2Zq5fKmzKaX50y58", "rating": "thumbsUp", "content": "{}"}, {"message_id": "39418be2-59e6-41a6-9c8a-4d4a6c4fede6", "conversation_id": "e99ec200353a485f8950cb991bdb6f3f", "user_id": "user-1bY4JLvv2Zq5fKmzKaX50y58", "rating": "thumbsUp", "content": "{}"}, {"message_id": "3946948a-abde-4418-a480-ff7b30e60dfc", "conversation_id": "f9ee0050d99e42f98c231d8409f859ef", "user_id": "user-1bY4JLvv2Zq5fKmzKaX50y58", "rating": "thumbsUp", "content": "{}"}, {"message_id": "39a809dd-e7a3-4a2a-92ad-508451bb335e", "conversation_id": "3f66a0afbfa44bcbb5368469a289753a", "user_id": "user-1bY4JLvv2Zq5fKmzKaX50y58", "rating": "thumbsUp", "content": "{}"}, {"message_id": "39e83970-6456-4fd3-90e4-92fa973ab33d", "conversation_id": "7d0422578b2c46f79d217ab68c5a7f78", "user_id": "user-1bY4JLvv2Zq5fKmzKaX50y58", "rating": "thumbsUp", "content": "{}"}, {"message_id": "3ba7eb3c-1d8b-449b-850f-8ca6beebcfeb", "conversation_id": "7d0422578b2c46f79d217ab68c5a7f78", "user_id": "user-1bY4JLvv2Zq5fKmzKaX50y58", "rating": "thumbsUp", "content": "{}"}, {"message_id": "3c042c14-eb66-49de-8c3a-1d969cb1d99e", "conversation_id": "3f66a0afbfa44bcbb5368469a289753a", "user_id": "user-1bY4JLvv2Zq5fKmzKaX50y58", "rating": "thumbsUp", "content": "{\"text\": \"Wow!\"}"}, {"message_id": "3f612abe-a483-4af6-8d43-b0192095773d", "conversation_id": "7d0422578b2c46f79d217ab68c5a7f78", "user_id": "user-1bY4JLvv2Zq5fKmzKaX50y58", "rating": "thumbsUp", "content": "{}"}, {"message_id": "404e2177-0e17-494e-add5-bc14d38f45eb", "conversation_id": "7d0422578b2c46f79d217ab68c5a7f78", "user_id": "user-1bY4JLvv2Zq5fKmzKaX50y58", "rating": "thumbsUp", "content": "{}"}, {"message_id": "410cc4c8-5c70-4687-a842-d7db16c66b35", "conversation_id": "3f66a0afbfa44bcbb5368469a289753a", "user_id": "user-1bY4JLvv2Zq5fKmzKaX50y58", "rating": "thumbsUp", "content": "{}"}, {"message_id": "42a72d0e-fb00-4871-90f9-8267b6f3e1ae", "conversation_id": "f9ee0050d99e42f98c231d8409f859ef", "user_id": "user-1bY4JLvv2Zq5fKmzKaX50y58", "rating": "thumbsUp", "content": "{}"}, {"message_id": "48a44169-76e1-4996-889f-8c012d4970bf", "conversation_id": "7d0422578b2c46f79d217ab68c5a7f78", "user_id": "user-1bY4JLvv2Zq5fKmzKaX50y58", "rating": "thumbsUp", "content": "{}"}, {"message_id": "49863e14-429c-446b-912e-817788410013", "conversation_id": "7d0422578b2c46f79d217ab68c5a7f78", "user_id": "user-1bY4JLvv2Zq5fKmzKaX50y58", "rating": "thumbsUp", "content": "{}"}, {"message_id": "4c11c4bf-179b-4eb8-a66a-0f5cdf5055eb", "conversation_id": "13cf63975ef54412a16fa9cbd2aff0cc", "user_id": "user-1bY4JLvv2Zq5fKmzKaX50y58", "rating": "thumbsUp", "content": "{}"}, {"message_id": "4cae5e20-c9d5-4bd3-9e2a-fc87e55ea5c3", "conversation_id": "7d0422578b2c46f79d217ab68c5a7f78", "user_id": "user-1bY4JLvv2Zq5fKmzKaX50y58", "rating": "thumbsUp", "content": "{}"}, {"message_id": "4d3ae9a2-e224-4985-a8c4-7f0032d5c0d3", "conversation_id": "4177c4f51601474a9c050d2f4c1b209c", "user_id": "user-1bY4JLvv2Zq5fKmzKaX50y58", "rating": "thumbsUp", "content": "{}"}, {"message_id": "4d8aef3a-e5d0-49e1-913d-e40bd30b87ac", "conversation_id": "7d0422578b2c46f79d217ab68c5a7f78", "user_id": "user-1bY4JLvv2Zq5fKmzKaX50y58", "rating": "thumbsUp", "content": "{}"}, {"message_id": "4f32dcba-91d9-4fde-95e2-5427ec23d29d", "conversation_id": "3f66a0afbfa44bcbb5368469a289753a", "user_id": "user-1bY4JLvv2Zq5fKmzKaX50y58", "rating": "thumbsUp", "content": "{}"}, {"message_id": "4f5f3ef6-caaf-4df9-a326-74a609db8533", "conversation_id": "7d0422578b2c46f79d217ab68c5a7f78", "user_id": "user-1bY4JLvv2Zq5fKmzKaX50y58", "rating": "thumbsUp", "content": "{}"}, {"message_id": "51772256-a54f-4546-add7-872fc33adae5", "conversation_id": "7d0422578b2c46f79d217ab68c5a7f78", "user_id": "user-1bY4JLvv2Zq5fKmzKaX50y58", "rating": "thumbsUp", "content": "{}"}, {"message_id": "528bd183-1471-4f12-b893-5982229f8e3f", "conversation_id": "5eb84d493ee64b129ecacd8f30696e9f", "user_id": "user-1bY4JLvv2Zq5fKmzKaX50y58", "rating": "thumbsUp", "content": "{\"text\": \"Your refinement training data is in top form, old sport.\"}"}, {"message_id": "53fba8a7-da2f-4b63-80bc-9fcaf057b332", "conversation_id": "f9ee0050d99e42f98c231d8409f859ef", "user_id": "user-1bY4JLvv2Zq5fKmzKaX50y58", "rating": "thumbsUp", "content": "{}"}, {"message_id": "54d24033-f9df-4c56-a931-1a06d56fb729", "conversation_id": "cdc357645214430fa02f450a84b9bdba", "user_id": "user-1bY4JLvv2Zq5fKmzKaX50y58", "rating": "thumbsUp", "content": "{}"}, {"message_id": "55e5a624-8ce6-484c-8078-c0675eed8c27", "conversation_id": "f9ee0050d99e42f98c231d8409f859ef", "user_id": "user-1bY4JLvv2Zq5fKmzKaX50y58", "rating": "thumbsUp", "content": "{}"}, {"message_id": "55ff2ada-a1bf-4781-b78a-aab437c77633", "conversation_id": "7d0422578b2c46f79d217ab68c5a7f78", "user_id": "user-1bY4JLvv2Zq5fKmzKaX50y58", "rating": "thumbsUp", "content": "{}"}, {"message_id": "5606752c-cacc-4c3a-a1db-3eeabe9d59d3", "conversation_id": "4177c4f51601474a9c050d2f4c1b209c", "user_id": "user-1bY4JLvv2Zq5fKmzKaX50y58", "rating": "thumbsUp", "content": "{}"}, {"message_id": "56632e2e-63dd-4eab-991f-e7d7a70c2b19", "conversation_id": "fbabb99226b04d3399e423883a7a3246", "user_id": "user-1bY4JLvv2Zq5fKmzKaX50y58", "rating": "thumbsUp", "content": "{}"}, {"message_id": "56af099f-ca4f-4d8e-bcc1-3eb1194b42d9", "conversation_id": "13cf63975ef54412a16fa9cbd2aff0cc", "user_id": "user-1bY4JLvv2Zq5fKmzKaX50y58", "rating": "thumbsUp", "content": "{}"}, {"message_id": "56dd20b6-e262-4862-9a78-d4afad10f6f6", "conversation_id": "3f66a0afbfa44bcbb5368469a289753a", "user_id": "user-1bY4JLvv2Zq5fKmzKaX50y58", "rating": "thumbsUp", "content": "{}"}, {"message_id": "5738145a-6233-45fc-b4a1-b56f62018be0", "conversation_id": "7d0422578b2c46f79d217ab68c5a7f78", "user_id": "user-1bY4JLvv2Zq5fKmzKaX50y58", "rating": "thumbsUp", "content": "{}"}, {"message_id": "5876cb43-7365-4d49-9f2a-5c4516684b80", "conversation_id": "7d0422578b2c46f79d217ab68c5a7f78", "user_id": "user-1bY4JLvv2Zq5fKmzKaX50y58", "rating": "thumbsUp", "content": "{}"}, {"message_id": "5877285f-538b-4313-a4c1-b7544e6dd2cf", "conversation_id": "af494cba6700499ca7f4b7272fe626f4", "user_id": "user-1bY4JLvv2Zq5fKmzKaX50y58", "rating": "thumbsUp", "content": "{}"}, {"message_id": "5a9bbf9a-808f-4b70-8a4c-1a1b4a495e4a", "conversation_id": "cdc357645214430fa02f450a84b9bdba", "user_id": "user-1bY4JLvv2Zq5fKmzKaX50y58", "rating": "thumbsUp", "content": "{}"}, {"message_id": "5af6584d-2b39-49c5-93d3-6d1ebef4b158", "conversation_id": "7d0422578b2c46f79d217ab68c5a7f78", "user_id": "user-1bY4JLvv2Zq5fKmzKaX50y58", "rating": "thumbsUp", "content": "{}"}, {"message_id": "5c67ec02-4a19-47b9-8f2a-1c8d7b1cc173", "conversation_id": "7d0422578b2c46f79d217ab68c5a7f78", "user_id": "user-1bY4JLvv2Zq5fKmzKaX50y58", "rating": "thumbsUp", "content": "{}"}, {"message_id": "5e2e2ef7-6cce-473e-8070-982e696c34eb", "conversation_id": "7d0422578b2c46f79d217ab68c5a7f78", "user_id": "user-1bY4JLvv2Zq5fKmzKaX50y58", "rating": "thumbsUp", "content": "{}"}, {"message_id": "5f136967-a9b0-4c90-86d8-d2c3563dadff", "conversation_id": "f9cf9488b8674d128b9ad316c0c1271b", "user_id": "user-1bY4JLvv2Zq5fKmzKaX50y58", "rating": "thumbsUp", "content": "{}"}, {"message_id": "5f1409d3-1a99-419a-a944-05092a8d7b3c", "conversation_id": "7d0422578b2c46f79d217ab68c5a7f78", "user_id": "user-1bY4JLvv2Zq5fKmzKaX50y58", "rating": "thumbsUp", "content": "{}"}, {"message_id": "607a4b71-ec66-4be0-a0a9-b8a21ded960f", "conversation_id": "7d0422578b2c46f79d217ab68c5a7f78", "user_id": "user-1bY4JLvv2Zq5fKmzKaX50y58", "rating": "thumbsUp", "content": "{}"}, {"message_id": "61af3cbf-b839-4180-ad8c-9127949ed1f2", "conversation_id": "e99ec200353a485f8950cb991bdb6f3f", "user_id": "user-1bY4JLvv2Zq5fKmzKaX50y58", "rating": "thumbsUp", "content": "{}"}, {"message_id": "63f3843a-cb43-46ff-911e-b8e12faae915", "conversation_id": "13cf63975ef54412a16fa9cbd2aff0cc", "user_id": "user-1bY4JLvv2Zq5fKmzKaX50y58", "rating": "thumbsUp", "content": "{}"}, {"message_id": "64de2f55-1167-4a44-8751-3fe5612d7b75", "conversation_id": "83e9488fe28f481793229bc30789ea92", "user_id": "user-1bY4JLvv2Zq5fKmzKaX50y58", "rating": "thumbsUp", "content": "{}"}, {"message_id": "668a176d-1baf-42a2-8315-807f5e38b102", "conversation_id": "7d0422578b2c46f79d217ab68c5a7f78", "user_id": "user-1bY4JLvv2Zq5fKmzKaX50y58", "rating": "thumbsUp", "content": "{}"}, {"message_id": "6738a851-9d5f-4fe1-8cf4-bb4fe3c28938", "conversation_id": "e99ec200353a485f8950cb991bdb6f3f", "user_id": "user-1bY4JLvv2Zq5fKmzKaX50y58", "rating": "thumbsUp", "content": "{}"}, {"message_id": "67a8689a-1379-4168-9516-134ffa4c2547", "conversation_id": "13cf63975ef54412a16fa9cbd2aff0cc", "user_id": "user-1bY4JLvv2Zq5fKmzKaX50y58", "rating": "thumbsUp", "content": "{}"}, {"message_id": "67e03a67-764d-458c-bcc0-998e449e554f", "conversation_id": "30b94b3fcf164e68b41a7115417fdbcf", "user_id": "user-1bY4JLvv2Zq5fKmzKaX50y58", "rating": "thumbsUp", "content": "{}"}, {"message_id": "6861952a-c9fb-408e-b114-58de20e70b02", "conversation_id": "7d0422578b2c46f79d217ab68c5a7f78", "user_id": "user-1bY4JLvv2Zq5fKmzKaX50y58", "rating": "thumbsUp", "content": "{}"}, {"message_id": "6951de66-671a-4b7c-a3fc-ad4a7d19cb0b", "conversation_id": "7d0422578b2c46f79d217ab68c5a7f78", "user_id": "user-1bY4JLvv2Zq5fKmzKaX50y58", "rating": "thumbsUp", "content": "{}"}, {"message_id": "6af8a1a1-08f3-473c-be6e-01a9e552e998", "conversation_id": "e99ec200353a485f8950cb991bdb6f3f", "user_id": "user-1bY4JLvv2Zq5fKmzKaX50y58", "rating": "thumbsUp", "content": "{}"}, {"message_id": "6b92df91-a59e-41e2-8c84-e7123a5ca926", "conversation_id": "7d0422578b2c46f79d217ab68c5a7f78", "user_id": "user-1bY4JLvv2Zq5fKmzKaX50y58", "rating": "thumbsUp", "content": "{}"}, {"message_id": "6c14e9e2-083c-463c-b384-dd4b60c24a2c", "conversation_id": "7d0422578b2c46f79d217ab68c5a7f78", "user_id": "user-1bY4JLvv2Zq5fKmzKaX50y58", "rating": "thumbsUp", "content": "{}"}, {"message_id": "6c2d64fb-643b-40ab-8791-4c70e9ee0803", "conversation_id": "e99ec200353a485f8950cb991bdb6f3f", "user_id": "user-1bY4JLvv2Zq5fKmzKaX50y58", "rating": "thumbsUp", "content": "{}"}, {"message_id": "6c36b4d0-d19b-458c-9243-61f9ecdabbe2", "conversation_id": "83e9488fe28f481793229bc30789ea92", "user_id": "user-1bY4JLvv2Zq5fKmzKaX50y58", "rating": "thumbsUp", "content": "{}"}, {"message_id": "6c8941a6-0179-4ead-b3f7-c9e8a88b8eab", "conversation_id": "e99ec200353a485f8950cb991bdb6f3f", "user_id": "user-1bY4JLvv2Zq5fKmzKaX50y58", "rating": "thumbsUp", "content": "{}"}, {"message_id": "6d5328d8-dac7-4bca-b0f0-8164dcbd14d6", "conversation_id": "7d0422578b2c46f79d217ab68c5a7f78", "user_id": "user-1bY4JLvv2Zq5fKmzKaX50y58", "rating": "thumbsUp", "content": "{}"}, {"message_id": "6e58b58c-9dbb-48f7-9c75-eaf5510e4678", "conversation_id": "e99ec200353a485f8950cb991bdb6f3f", "user_id": "user-1bY4JLvv2Zq5fKmzKaX50y58", "rating": "thumbsUp", "content": "{}"}, {"message_id": "6fc739a7-1829-4dfd-9c5f-405f0a193b7b", "conversation_id": "af494cba6700499ca7f4b7272fe626f4", "user_id": "user-1bY4JLvv2Zq5fKmzKaX50y58", "rating": "thumbsUp", "content": "{}"}, {"message_id": "71037ccd-48b0-4a64-b369-6bb09c8f661e", "conversation_id": "4177c4f51601474a9c050d2f4c1b209c", "user_id": "user-1bY4JLvv2Zq5fKmzKaX50y58", "rating": "thumbsUp", "content": "{}"}, {"message_id": "7137a9de-8afe-43e0-8f3e-0bdfa90024d7", "conversation_id": "e99ec200353a485f8950cb991bdb6f3f", "user_id": "user-1bY4JLvv2Zq5fKmzKaX50y58", "rating": "thumbsUp", "content": "{}"}, {"message_id": "71927955-fd39-408d-af5e-371f8c0181b3", "conversation_id": "7d0422578b2c46f79d217ab68c5a7f78", "user_id": "user-1bY4JLvv2Zq5fKmzKaX50y58", "rating": "thumbsUp", "content": "{}"}, {"message_id": "75fad0ac-9835-468b-a226-2844ae41ca24", "conversation_id": "3f66a0afbfa44bcbb5368469a289753a", "user_id": "user-1bY4JLvv2Zq5fKmzKaX50y58", "rating": "thumbsUp", "content": "{\"text\": \"Another perfect response. Well done!\"}"}, {"message_id": "7638878e-ff4e-4e9b-a579-e61e4cc77f81", "conversation_id": "83e9488fe28f481793229bc30789ea92", "user_id": "user-1bY4JLvv2Zq5fKmzKaX50y58", "rating": "thumbsUp", "content": "{}"}, {"message_id": "76ba8982-b8f9-4be4-a28f-c0fe6c2c85d3", "conversation_id": "7d0422578b2c46f79d217ab68c5a7f78", "user_id": "user-1bY4JLvv2Zq5fKmzKaX50y58", "rating": "thumbsUp", "content": "{}"}, {"message_id": "776042c0-eff9-401f-a579-d8b06a0137e6", "conversation_id": "7d0422578b2c46f79d217ab68c5a7f78", "user_id": "user-1bY4JLvv2Zq5fKmzKaX50y58", "rating": "thumbsUp", "content": "{}"}, {"message_id": "77ed47c2-d03e-4866-a833-7ab37a5c482a", "conversation_id": "7d0422578b2c46f79d217ab68c5a7f78", "user_id": "user-1bY4JLvv2Zq5fKmzKaX50y58", "rating": "thumbsUp", "content": "{}"}, {"message_id": "78df5985-7611-4cf8-9ba4-0d764ad2c9f2", "conversation_id": "7d0422578b2c46f79d217ab68c5a7f78", "user_id": "user-1bY4JLvv2Zq5fKmzKaX50y58", "rating": "thumbsUp", "content": "{}"}, {"message_id": "7c72bea7-d593-4e5e-bb58-247a3ae3832f", "conversation_id": "13cf63975ef54412a16fa9cbd2aff0cc", "user_id": "user-1bY4JLvv2Zq5fKmzKaX50y58", "rating": "thumbsUp", "content": "{}"}, {"message_id": "7d28f74a-97da-40f7-ace4-3b9a17eeb89c", "conversation_id": "7d0422578b2c46f79d217ab68c5a7f78", "user_id": "user-1bY4JLvv2Zq5fKmzKaX50y58", "rating": "thumbsUp", "content": "{}"}, {"message_id": "7d79c087-a978-4e65-90c3-1129a8016c6e", "conversation_id": "30b94b3fcf164e68b41a7115417fdbcf", "user_id": "user-1bY4JLvv2Zq5fKmzKaX50y58", "rating": "thumbsUp", "content": "{}"}, {"message_id": "7fc58a42-7092-489f-a5f9-91f9785e57c5", "conversation_id": "83e9488fe28f481793229bc30789ea92", "user_id": "user-1bY4JLvv2Zq5fKmzKaX50y58", "rating": "thumbsUp", "content": "{}"}, {"message_id": "8042abb8-555f-4970-91c9-6c13db51d02d", "conversation_id": "7d0422578b2c46f79d217ab68c5a7f78", "user_id": "user-1bY4JLvv2Zq5fKmzKaX50y58", "rating": "thumbsUp", "content": "{}"}, {"message_id": "811e0459-cda4-4c84-9e49-82d91375b983", "conversation_id": "7d0422578b2c46f79d217ab68c5a7f78", "user_id": "user-1bY4JLvv2Zq5fKmzKaX50y58", "rating": "thumbsUp", "content": "{}"}, {"message_id": "81e0bdc9-d9db-4a72-acd9-16013a25a1fd", "conversation_id": "f9ee0050d99e42f98c231d8409f859ef", "user_id": "user-1bY4JLvv2Zq5fKmzKaX50y58", "rating": "thumbsUp", "content": "{}"}, {"message_id": "8222f2be-8c3b-46f2-8114-3064a69c5736", "conversation_id": "cdc357645214430fa02f450a84b9bdba", "user_id": "user-1bY4JLvv2Zq5fKmzKaX50y58", "rating": "thumbsUp", "content": "{}"}, {"message_id": "83b41278-2878-4f6c-8c8c-7a4e022bcdae", "conversation_id": "7d0422578b2c46f79d217ab68c5a7f78", "user_id": "user-1bY4JLvv2Zq5fKmzKaX50y58", "rating": "thumbsUp", "content": "{}"}, {"message_id": "864abb90-c769-4f38-9a62-e49d7c0d7862", "conversation_id": "07a4373b5e364b65a87199a663864d2c", "user_id": "user-1bY4JLvv2Zq5fKmzKaX50y58", "rating": "thumbsUp", "content": "{}"}, {"message_id": "86dc397a-9068-4c9f-a56a-57b3c7a28f4b", "conversation_id": "13cf63975ef54412a16fa9cbd2aff0cc", "user_id": "user-1bY4JLvv2Zq5fKmzKaX50y58", "rating": "thumbsUp", "content": "{}"}, {"message_id": "8729b0bc-cbe8-4999-b1b4-788d036d1c2f", "conversation_id": "3f66a0afbfa44bcbb5368469a289753a", "user_id": "user-1bY4JLvv2Zq5fKmzKaX50y58", "rating": "thumbsUp", "content": "{}"}, {"message_id": "8a5b4180-99fc-43c9-91ab-b682e7b3fe36", "conversation_id": "7d0422578b2c46f79d217ab68c5a7f78", "user_id": "user-1bY4JLvv2Zq5fKmzKaX50y58", "rating": "thumbsUp", "content": "{}"}, {"message_id": "8bcd8fc6-0e0c-4851-b03c-937145c625aa", "conversation_id": "7d0422578b2c46f79d217ab68c5a7f78", "user_id": "user-1bY4JLvv2Zq5fKmzKaX50y58", "rating": "thumbsUp", "content": "{}"}, {"message_id": "8f50ae21-e820-4ecf-8fc2-5d08297d50b1", "conversation_id": "cdc357645214430fa02f450a84b9bdba", "user_id": "user-1bY4JLvv2Zq5fKmzKaX50y58", "rating": "thumbsUp", "content": "{}"}, {"message_id": "9200582f-4053-44c9-96d6-d1511630cfde", "conversation_id": "7d0422578b2c46f79d217ab68c5a7f78", "user_id": "user-1bY4JLvv2Zq5fKmzKaX50y58", "rating": "thumbsUp", "content": "{}"}, {"message_id": "935dca3c-619f-40d5-8ea8-82d94e80bd32", "conversation_id": "83e9488fe28f481793229bc30789ea92", "user_id": "user-1bY4JLvv2Zq5fKmzKaX50y58", "rating": "thumbsUp", "content": "{}"}, {"message_id": "94886b70-c647-4d9f-8391-76ce9af9da51", "conversation_id": "f9ee0050d99e42f98c231d8409f859ef", "user_id": "user-1bY4JLvv2Zq5fKmzKaX50y58", "rating": "thumbsUp", "content": "{}"}, {"message_id": "97035779-0747-4cab-9a6d-df5bf60fbf65", "conversation_id": "7d0422578b2c46f79d217ab68c5a7f78", "user_id": "user-1bY4JLvv2Zq5fKmzKaX50y58", "rating": "thumbsUp", "content": "{}"}, {"message_id": "9741a357-33a1-4c79-b19d-40d0ad478a1c", "conversation_id": "3f66a0afbfa44bcbb5368469a289753a", "user_id": "user-1bY4JLvv2Zq5fKmzKaX50y58", "rating": "thumbsUp", "content": "{}"}, {"message_id": "9e8f5fbe-465f-4d28-9347-c27074eae296", "conversation_id": "7d0422578b2c46f79d217ab68c5a7f78", "user_id": "user-1bY4JLvv2Zq5fKmzKaX50y58", "rating": "thumbsUp", "content": "{}"}, {"message_id": "9f3ac14e-43ff-4fd8-8223-6c8621198415", "conversation_id": "e99ec200353a485f8950cb991bdb6f3f", "user_id": "user-1bY4JLvv2Zq5fKmzKaX50y58", "rating": "thumbsUp", "content": "{}"}, {"message_id": "a4c54292-6b75-4d65-8c43-edc0395d487f", "conversation_id": "e99ec200353a485f8950cb991bdb6f3f", "user_id": "user-1bY4JLvv2Zq5fKmzKaX50y58", "rating": "thumbsUp", "content": "{}"}, {"message_id": "a6956409-23ed-41bc-9f76-83d7438c399a", "conversation_id": "3f66a0afbfa44bcbb5368469a289753a", "user_id": "user-1bY4JLvv2Zq5fKmzKaX50y58", "rating": "thumbsUp", "content": "{}"}, {"message_id": "a6acc029-ba02-4e3b-bcf8-ba905c1a5e6a", "conversation_id": "7d0422578b2c46f79d217ab68c5a7f78", "user_id": "user-1bY4JLvv2Zq5fKmzKaX50y58", "rating": "thumbsUp", "content": "{}"}, {"message_id": "a7dd09fa-aced-43bb-bbf7-fac2299ed740", "conversation_id": "7d0422578b2c46f79d217ab68c5a7f78", "user_id": "user-1bY4JLvv2Zq5fKmzKaX50y58", "rating": "thumbsUp", "content": "{}"}, {"message_id": "aa9fbd3a-9621-40b9-a8f5-4a2a66d51aca", "conversation_id": "83e9488fe28f481793229bc30789ea92", "user_id": "user-1bY4JLvv2Zq5fKmzKaX50y58", "rating": "thumbsUp", "content": "{}"}, {"message_id": "aac65a0f-b51a-4f67-851d-7fb2bcab276c", "conversation_id": "13cf63975ef54412a16fa9cbd2aff0cc", "user_id": "user-1bY4JLvv2Zq5fKmzKaX50y58", "rating": "thumbsUp", "content": "{}"}, {"message_id": "acf1fcb0-4c04-40ca-aa6f-7bbe9d5bdbc5", "conversation_id": "3f66a0afbfa44bcbb5368469a289753a", "user_id": "user-1bY4JLvv2Zq5fKmzKaX50y58", "rating": "thumbsUp", "content": "{}"}, {"message_id": "af80f702-95ef-477e-8eaa-30e0f0c7857d", "conversation_id": "af494cba6700499ca7f4b7272fe626f4", "user_id": "user-1bY4JLvv2Zq5fKmzKaX50y58", "rating": "thumbsUp", "content": "{\"text\": \"Perfect\"}"}, {"message_id": "afd59d56-4d1e-49b1-8e0a-94fe31a3f3b9", "conversation_id": "7d0422578b2c46f79d217ab68c5a7f78", "user_id": "user-1bY4JLvv2Zq5fKmzKaX50y58", "rating": "thumbsUp", "content": "{}"}, {"message_id": "b0a21247-8962-4ed6-b160-987eba8a5b83", "conversation_id": "af494cba6700499ca7f4b7272fe626f4", "user_id": "user-1bY4JLvv2Zq5fKmzKaX50y58", "rating": "thumbsUp", "content": "{}"}, {"message_id": "b0fd04e6-094c-42ce-ae30-c809e3197f8f", "conversation_id": "cdc357645214430fa02f450a84b9bdba", "user_id": "user-1bY4JLvv2Zq5fKmzKaX50y58", "rating": "thumbsUp", "content": "{}"}, {"message_id": "b3009093-f214-4227-baaa-43d24da41195", "conversation_id": "7d0422578b2c46f79d217ab68c5a7f78", "user_id": "user-1bY4JLvv2Zq5fKmzKaX50y58", "rating": "thumbsUp", "content": "{}"}, {"message_id": "b42a3edc-9f51-43c9-a9f2-6d85d2f2a0d5", "conversation_id": "30b94b3fcf164e68b41a7115417fdbcf", "user_id": "user-1bY4JLvv2Zq5fKmzKaX50y58", "rating": "thumbsUp", "content": "{}"}, {"message_id": "b4715170-1bf1-48ae-a1a4-dd4e6c31fd1d", "conversation_id": "83e9488fe28f481793229bc30789ea92", "user_id": "user-1bY4JLvv2Zq5fKmzKaX50y58", "rating": "thumbsUp", "content": "{}"}, {"message_id": "b4e48ec0-7af7-4430-bad9-dba5e6559edd", "conversation_id": "3f66a0afbfa44bcbb5368469a289753a", "user_id": "user-1bY4JLvv2Zq5fKmzKaX50y58", "rating": "thumbsUp", "content": "{}"}, {"message_id": "bc124864-4768-4f61-8496-738a31631629", "conversation_id": "e99ec200353a485f8950cb991bdb6f3f", "user_id": "user-1bY4JLvv2Zq5fKmzKaX50y58", "rating": "thumbsUp", "content": "{}"}, {"message_id": "bc83df0c-ff7c-44b4-97e2-846f8c8677fa", "conversation_id": "7d0422578b2c46f79d217ab68c5a7f78", "user_id": "user-1bY4JLvv2Zq5fKmzKaX50y58", "rating": "thumbsUp", "content": "{}"}, {"message_id": "bdc076a9-5d62-48d9-abc3-f80d3d8a6c24", "conversation_id": "3f66a0afbfa44bcbb5368469a289753a", "user_id": "user-1bY4JLvv2Zq5fKmzKaX50y58", "rating": "thumbsUp", "content": "{}"}, {"message_id": "bef54443-c1f8-4517-b7a7-c524538284fe", "conversation_id": "e99ec200353a485f8950cb991bdb6f3f", "user_id": "user-1bY4JLvv2Zq5fKmzKaX50y58", "rating": "thumbsUp", "content": "{}"}, {"message_id": "c0335071-16b7-4d9b-b028-e6097fe28816", "conversation_id": "7d0422578b2c46f79d217ab68c5a7f78", "user_id": "user-1bY4JLvv2Zq5fKmzKaX50y58", "rating": "thumbsUp", "content": "{}"}, {"message_id": "c0fda0f5-586d-425d-83e5-48a5f09d4704", "conversation_id": "7d0422578b2c46f79d217ab68c5a7f78", "user_id": "user-1bY4JLvv2Zq5fKmzKaX50y58", "rating": "thumbsUp", "content": "{}"}, {"message_id": "c1b5dec4-ea40-4554-88d5-9604518ad976", "conversation_id": "7d0422578b2c46f79d217ab68c5a7f78", "user_id": "user-1bY4JLvv2Zq5fKmzKaX50y58", "rating": "thumbsUp", "content": "{}"}, {"message_id": "c224db54-c630-4406-bc76-83dfe90b932f", "conversation_id": "af494cba6700499ca7f4b7272fe626f4", "user_id": "user-1bY4JLvv2Zq5fKmzKaX50y58", "rating": "thumbsUp", "content": "{}"}, {"message_id": "c5e2a056-6a76-456e-9218-73e4ac86a97f", "conversation_id": "3f66a0afbfa44bcbb5368469a289753a", "user_id": "user-1bY4JLvv2Zq5fKmzKaX50y58", "rating": "thumbsUp", "content": "{}"}, {"message_id": "c72c0656-fa5c-4e0b-a58e-b2f6ad318ceb", "conversation_id": "fbabb99226b04d3399e423883a7a3246", "user_id": "user-1bY4JLvv2Zq5fKmzKaX50y58", "rating": "thumbsUp", "content": "{}"}, {"message_id": "c89aa63a-b0a2-48b2-bbfb-955f2a7aa7b5", "conversation_id": "e99ec200353a485f8950cb991bdb6f3f", "user_id": "user-1bY4JLvv2Zq5fKmzKaX50y58", "rating": "thumbsUp", "content": "{}"}, {"message_id": "d052afb6-eaad-4911-855c-e5c24733174e", "conversation_id": "e99ec200353a485f8950cb991bdb6f3f", "user_id": "user-1bY4JLvv2Zq5fKmzKaX50y58", "rating": "thumbsUp", "content": "{}"}, {"message_id": "d0d388d4-348b-4258-89ee-b478ab8a3528", "conversation_id": "e3f7db468aaf44d5a456b72c19ef8704", "user_id": "user-1bY4JLvv2Zq5fKmzKaX50y58", "rating": "thumbsUp", "content": "{}"}, {"message_id": "d111d2ce-5cfd-4f2f-a22b-1f2f8460d3d5", "conversation_id": "7d0422578b2c46f79d217ab68c5a7f78", "user_id": "user-1bY4JLvv2Zq5fKmzKaX50y58", "rating": "thumbsUp", "content": "{}"}, {"message_id": "d475e87b-b034-456b-86f0-d4d8557821ba", "conversation_id": "7d0422578b2c46f79d217ab68c5a7f78", "user_id": "user-1bY4JLvv2Zq5fKmzKaX50y58", "rating": "thumbsUp", "content": "{}"}, {"message_id": "d6462420-39fa-4081-99e5-0362a9daad68", "conversation_id": "07a4373b5e364b65a87199a663864d2c", "user_id": "user-1bY4JLvv2Zq5fKmzKaX50y58", "rating": "thumbsUp", "content": "{\"text\": \"It's perfect as always.\"}"}, {"message_id": "d6dbeb2d-9acd-4e26-83c7-77737cc4c642", "conversation_id": "7d0422578b2c46f79d217ab68c5a7f78", "user_id": "user-1bY4JLvv2Zq5fKmzKaX50y58", "rating": "thumbsUp", "content": "{}"}, {"message_id": "d947ad32-d38a-4cfe-a000-a62822965883", "conversation_id": "f9ee0050d99e42f98c231d8409f859ef", "user_id": "user-1bY4JLvv2Zq5fKmzKaX50y58", "rating": "thumbsUp", "content": "{}"}, {"message_id": "da164f44-7cd8-4ca1-9c47-466700501856", "conversation_id": "e99ec200353a485f8950cb991bdb6f3f", "user_id": "user-1bY4JLvv2Zq5fKmzKaX50y58", "rating": "thumbsUp", "content": "{}"}, {"message_id": "da5b6c0e-a5bd-4c20-947d-df0a84f68e78", "conversation_id": "07a4373b5e364b65a87199a663864d2c", "user_id": "user-1bY4JLvv2Zq5fKmzKaX50y58", "rating": "thumbsUp", "content": "{\"text\": \"amazing\\n\"}"}, {"message_id": "dafd4685-3ef5-42fa-b2ab-e0d5a8dad8d2", "conversation_id": "3f66a0afbfa44bcbb5368469a289753a", "user_id": "user-1bY4JLvv2Zq5fKmzKaX50y58", "rating": "thumbsUp", "content": "{}"}, {"message_id": "db9dc86e-f935-4d58-b983-3c043c56a403", "conversation_id": "7d0422578b2c46f79d217ab68c5a7f78", "user_id": "user-1bY4JLvv2Zq5fKmzKaX50y58", "rating": "thumbsUp", "content": "{}"}, {"message_id": "dca46cd5-20cd-4397-95e2-6e4d7015f78a", "conversation_id": "3f66a0afbfa44bcbb5368469a289753a", "user_id": "user-1bY4JLvv2Zq5fKmzKaX50y58", "rating": "thumbsUp", "content": "{}"}, {"message_id": "dcc776c3-0f80-433e-8033-d42533dd0d2c", "conversation_id": "3f66a0afbfa44bcbb5368469a289753a", "user_id": "user-1bY4JLvv2Zq5fKmzKaX50y58", "rating": "thumbsUp", "content": "{}"}, {"message_id": "dd0aadb7-dee7-4acc-97e1-8dcf92e11637", "conversation_id": "83e9488fe28f481793229bc30789ea92", "user_id": "user-1bY4JLvv2Zq5fKmzKaX50y58", "rating": "thumbsUp", "content": "{}"}, {"message_id": "dd24218b-2585-4c10-a6b9-aa32e7f824ce", "conversation_id": "7d0422578b2c46f79d217ab68c5a7f78", "user_id": "user-1bY4JLvv2Zq5fKmzKaX50y58", "rating": "thumbsUp", "content": "{}"}, {"message_id": "e089a24e-f145-473d-9bcd-c15f58e7ad78", "conversation_id": "e99ec200353a485f8950cb991bdb6f3f", "user_id": "user-1bY4JLvv2Zq5fKmzKaX50y58", "rating": "thumbsUp", "content": "{}"}, {"message_id": "e0d5a1b4-90e3-40e0-920c-922adf1e2962", "conversation_id": "5eb84d493ee64b129ecacd8f30696e9f", "user_id": "user-1bY4JLvv2Zq5fKmzKaX50y58", "rating": "thumbsUp", "content": "{}"}, {"message_id": "e263d744-d166-498d-933d-65f81e5a7e22", "conversation_id": "af494cba6700499ca7f4b7272fe626f4", "user_id": "user-1bY4JLvv2Zq5fKmzKaX50y58", "rating": "thumbsUp", "content": "{\"text\": \"Well done indeed!\"}"}, {"message_id": "e26ba822-1070-4a32-94aa-41cda61f95ef", "conversation_id": "13625bd4dbf4447cb3599da613a58088", "user_id": "user-1bY4JLvv2Zq5fKmzKaX50y58", "rating": "thumbsUp", "content": "{}"}, {"message_id": "e2f0c60f-6a6a-4e5e-b337-df9924a8f322", "conversation_id": "cdc357645214430fa02f450a84b9bdba", "user_id": "user-1bY4JLvv2Zq5fKmzKaX50y58", "rating": "thumbsUp", "content": "{}"}, {"message_id": "e2fa0b6d-383b-4308-9956-8c33b7c580d9", "conversation_id": "7d0422578b2c46f79d217ab68c5a7f78", "user_id": "user-1bY4JLvv2Zq5fKmzKaX50y58", "rating": "thumbsUp", "content": "{}"}, {"message_id": "e42ac105-ba2d-42fc-960e-c9de104f8a33", "conversation_id": "7d0422578b2c46f79d217ab68c5a7f78", "user_id": "user-1bY4JLvv2Zq5fKmzKaX50y58", "rating": "thumbsUp", "content": "{}"}, {"message_id": "e510e4b6-3bd5-480b-9536-293ca0032caa", "conversation_id": "3f66a0afbfa44bcbb5368469a289753a", "user_id": "user-1bY4JLvv2Zq5fKmzKaX50y58", "rating": "thumbsUp", "content": "{}"}, {"message_id": "e53b0e18-b956-4255-a660-f10bb9f6fae3", "conversation_id": "af494cba6700499ca7f4b7272fe626f4", "user_id": "user-1bY4JLvv2Zq5fKmzKaX50y58", "rating": "thumbsUp", "content": "{}"}, {"message_id": "e6076e60-ad86-4b8f-9a54-1f6cf12a19ad", "conversation_id": "4177c4f51601474a9c050d2f4c1b209c", "user_id": "user-1bY4JLvv2Zq5fKmzKaX50y58", "rating": "thumbsUp", "content": "{}"}, {"message_id": "e6a60422-942d-4c11-b870-e86d9861d534", "conversation_id": "af494cba6700499ca7f4b7272fe626f4", "user_id": "user-1bY4JLvv2Zq5fKmzKaX50y58", "rating": "thumbsUp", "content": "{}"}, {"message_id": "e706f6d3-0b4b-416f-a927-a32d0e282f51", "conversation_id": "d3d09dd46ba74e21804fd05dba743cce", "user_id": "user-1bY4JLvv2Zq5fKmzKaX50y58", "rating": "thumbsUp", "content": "{\"text\": \"Nive! Fourth wall break success!!\"}"}, {"message_id": "e737ac59-e422-4dc9-8947-94d40a73d58d", "conversation_id": "7d0422578b2c46f79d217ab68c5a7f78", "user_id": "user-1bY4JLvv2Zq5fKmzKaX50y58", "rating": "thumbsUp", "content": "{}"}, {"message_id": "e772e718-8731-46fb-abd0-c85f1b63fa53", "conversation_id": "eb1d253573d64c07b4107c7648d1f7d3", "user_id": "user-1bY4JLvv2Zq5fKmzKaX50y58", "rating": "thumbsUp", "content": "{}"}, {"message_id": "e8137255-a7d7-484a-b9a8-070b1283c169", "conversation_id": "3f66a0afbfa44bcbb5368469a289753a", "user_id": "user-1bY4JLvv2Zq5fKmzKaX50y58", "rating": "thumbsUp", "content": "{}"}, {"message_id": "e8239f9f-b57c-4d53-b336-c372e7f0a110", "conversation_id": "30b94b3fcf164e68b41a7115417fdbcf", "user_id": "user-1bY4JLvv2Zq5fKmzKaX50y58", "rating": "thumbsUp", "content": "{}"}, {"message_id": "e9b106de-7566-42b5-be7e-ce888a239ea3", "conversation_id": "e99ec200353a485f8950cb991bdb6f3f", "user_id": "user-1bY4JLvv2Zq5fKmzKaX50y58", "rating": "thumbsUp", "content": "{}"}, {"message_id": "eb3d8fb9-e1a5-49f6-837b-88acf66383a5", "conversation_id": "30b94b3fcf164e68b41a7115417fdbcf", "user_id": "user-1bY4JLvv2Zq5fKmzKaX50y58", "rating": "thumbsDown", "content": "{\"tags\": [\"not-helpful\"]}"}, {"message_id": "f0ac3e88-6c24-4684-833b-3ffb5c9224d1", "conversation_id": "e99ec200353a485f8950cb991bdb6f3f", "user_id": "user-1bY4JLvv2Zq5fKmzKaX50y58", "rating": "thumbsUp", "content": "{}"}, {"message_id": "f13db184-6b14-4e5b-bb69-778c31f71a28", "conversation_id": "7d0422578b2c46f79d217ab68c5a7f78", "user_id": "user-1bY4JLvv2Zq5fKmzKaX50y58", "rating": "thumbsUp", "content": "{}"}, {"message_id": "f1440b88-5bc9-4e92-a5a4-7ff8c8f0f4f3", "conversation_id": "3f66a0afbfa44bcbb5368469a289753a", "user_id": "user-1bY4JLvv2Zq5fKmzKaX50y58", "rating": "thumbsUp", "content": "{}"}, {"message_id": "f17f793b-f28b-46ad-93cd-48e480f0beef", "conversation_id": "7d0422578b2c46f79d217ab68c5a7f78", "user_id": "user-1bY4JLvv2Zq5fKmzKaX50y58", "rating": "thumbsUp", "content": "{}"}, {"message_id": "f1dd4862-87fe-4c9f-ae05-42e24aa99a92", "conversation_id": "4177c4f51601474a9c050d2f4c1b209c", "user_id": "user-1bY4JLvv2Zq5fKmzKaX50y58", "rating": "thumbsUp", "content": "{}"}, {"message_id": "f2a482fc-6e2b-45b3-875a-5a2eb05cb412", "conversation_id": "7d0422578b2c46f79d217ab68c5a7f78", "user_id": "user-1bY4JLvv2Zq5fKmzKaX50y58", "rating": "thumbsUp", "content": "{}"}, {"message_id": "f371cf4e-a608-4420-8caf-417bbef7fa87", "conversation_id": "4177c4f51601474a9c050d2f4c1b209c", "user_id": "user-1bY4JLvv2Zq5fKmzKaX50y58", "rating": "thumbsUp", "content": "{}"}, {"message_id": "f39644cb-4d41-40e1-8412-7e2e24be8c13", "conversation_id": "e99ec200353a485f8950cb991bdb6f3f", "user_id": "user-1bY4JLvv2Zq5fKmzKaX50y58", "rating": "thumbsUp", "content": "{}"}, {"message_id": "f45b598b-b988-45be-b30f-2e36e4a85ec9", "conversation_id": "e99ec200353a485f8950cb991bdb6f3f", "user_id": "user-1bY4JLvv2Zq5fKmzKaX50y58", "rating": "thumbsUp", "content": "{}"}, {"message_id": "f52a52f7-731c-4c51-a911-693b8d274ba9", "conversation_id": "e99ec200353a485f8950cb991bdb6f3f", "user_id": "user-1bY4JLvv2Zq5fKmzKaX50y58", "rating": "thumbsUp", "content": "{}"}, {"message_id": "f52abe3b-0044-4fb5-8ea3-0cacec4001ed", "conversation_id": "3f66a0afbfa44bcbb5368469a289753a", "user_id": "user-1bY4JLvv2Zq5fKmzKaX50y58", "rating": "thumbsUp", "content": "{}"}, {"message_id": "f705aa81-76d2-415c-94cb-0a5ae54f2072", "conversation_id": "0aaa2250bd59410abe10b2fc8abe2a3b", "user_id": "user-1bY4JLvv2Zq5fKmzKaX50y58", "rating": "thumbsUp", "content": "{}"}, {"message_id": "f89c89b2-e8e6-49c7-a30a-ab78e1a51260", "conversation_id": "3f66a0afbfa44bcbb5368469a289753a", "user_id": "user-1bY4JLvv2Zq5fKmzKaX50y58", "rating": "thumbsUp", "content": "{\"text\": \"So good!\"}"}, {"message_id": "f94cb62a-0953-4eb3-b233-28eeeae12859", "conversation_id": "bbf2b90d828f4455ad234a6418de6c95", "user_id": "user-1bY4JLvv2Zq5fKmzKaX50y58", "rating": "thumbsDown", "content": "{\"text\": \"Most of the As an AI language model things are deprecated and waste tokens.\", \"tags\": [\"false\", \"not-helpful\"]}"}, {"message_id": "f975ec5b-199d-43c2-bada-6be6b09e6cc4", "conversation_id": "3f66a0afbfa44bcbb5368469a289753a", "user_id": "user-1bY4JLvv2Zq5fKmzKaX50y58", "rating": "thumbsUp", "content": "{}"}, {"message_id": "fac11aa2-5187-4da9-9228-094e451e3700", "conversation_id": "7d0422578b2c46f79d217ab68c5a7f78", "user_id": "user-1bY4JLvv2Zq5fKmzKaX50y58", "rating": "thumbsUp", "content": "{}"}, {"message_id": "facd4113-44d6-448e-8438-ad1e64cf822b", "conversation_id": "3f66a0afbfa44bcbb5368469a289753a", "user_id": "user-1bY4JLvv2Zq5fKmzKaX50y58", "rating": "thumbsUp", "content": "{\"text\": \"Asks for clarification. Always a great thing. Helps us check ourselves to make sure we know what we're saying. A nice layer of security without closing it off entirely, well done.\"}"}, {"message_id": "fb360045-3275-4bb1-b376-c1b84382a500", "conversation_id": "f9ee0050d99e42f98c231d8409f859ef", "user_id": "user-1bY4JLvv2Zq5fKmzKaX50y58", "rating": "thumbsUp", "content": "{}"}, {"message_id": "feaafe26-b756-4226-a88a-bce3438406f0", "conversation_id": "30b94b3fcf164e68b41a7115417fdbcf", "user_id": "user-1bY4JLvv2Zq5fKmzKaX50y58", "rating": "thumbsUp", "content": "{}"}]